{"common": {
    "fdcfg": "/openair-hss/etc//hss_rel14_fd.conf",
    "originhost": "hss.openairinterface.org",
    "originrealm": "openairinterface.org" 
 },
 "hss": {
    "gtwhost": "*",
    "gtwport" : 9080,
    "restport" : 9081,
    "ossport" : 9082,
    "casssrv": "172.17.0.2", 
    "cassusr": "root",
    "casspwd": "root",
    "cassdb" : "vhss",
    "casscoreconnections" : 2,
    "cassmaxconnections" : 8,
    "cassioqueuesize" : 32768,
    "cassiothreads" : 2,    
    "randv"  : true,
    "optkey" : "63bfa50ee6523365ff14c1f45f88737d",
    "reloadkey"  : false,
    "roamallow"  : true,
    "logsize": 20,
    "lognumber": 5,
    "logname": "logs/hss.log",
    "logqsize": 8192,
    "statlogsize": 20,
    "statlognumber": 5,
    "statlogname": "logs/hss_stat.log",
    "auditlogsize": 20,
    "auditlognumber": 5,
    "auditlogname": "logs/hss_audit.log",
    "statfreq": 2000,
    "numworkers": 4,
    "concurrent": 10,
    "ossfile": "conf/oss.json"    
 }
}
